order,title,author,genre,editorial,country,language,orig_language,pages,date,genres_clasif,price,year_best
1.0,El juego del alma,"Castillo, Javier",Género policíaco y misterio,SUMA,España,Español,Castellano,528,25-03-2021,fiction,,2020
2.0,Tomás Nevinson,"Marías, Javier",Ficción moderna y contemporanea,ALFAGUARA,España,Español,Castellano,688,11-03-2021,fiction,,2020
3.0,Independencia,"Cercas, Javier",Ficción moderna y contemporanea,Tusquets Editores,España,Español,Castellano,400,03-03-2021,fiction,,2020
4.0,El infinito en un junco,"Vallejo, Irene",Ensayos literarios,Siruela,España,Español,Castellano,452,15-03-2021,non-fiction,,2020
5.0,Breve tratado sobre la estupidez humana,"Moreno Castillo, Ricardo",Filosofía social y política,Fórcola Ediciones,España,Español,Castellano,120,19-09-2018,non-fiction,,2020
6.0,Una herencia peligrosa (Amanda Black 1),"Gómez-Jurado, Juan / Montes, Bárbara",Thriller (infantil/juvenil),B de Blok (Ediciones B),España,Español,Castellano,192,11-02-2021,fiction,,2020
7.0,Reina roja,"Gómez-Jurado, Juan",Género policíaco y misterio,B (Ediciones B),España,Español,Castellano,568,08-11-2018,fiction,,2020
8.0,Trolardy y el pan dorado,Trolerotutos y Hardy,Edad de interés: a partir de 9 años,Ediciones Martínez Roca,España,Español,Castellano,192,24-03-2021,,,2020
9.0,Delparaíso,"Val, Juan del",Ficción moderna y contemporanea,Espasa,España,Español,Castellano,312,07-01-2021,fiction,,2020
10.0,Aquitania,"García Sáenz de Urturi, Eva",Obra de misterio y suspense,Editorial Planeta,España,Español,Castellano,416,05-11-2020,fiction,,2020
11.0,Hamnet,"O'Farrell, Maggie",Ficción histórica,Libros del Asteroide,España,Español,Inglés,352,22-02-2021,fiction,,2020
12.0,Llévame a casa,"Carrasco, Jesús",Ficción moderna y contemporanea,Seix Barral,España,Español,Castellano,320,03-02-2021,fiction,,2020
13.0,Las Ratitas 4. Superaventura entre las nubes,"Ratitas, Las",Edad de interés: a partir de 5 años,Destino Infantil & Juvenil,España,Español,Castellano,144,24-03-2021,,,2020
14.0,El huerto de Emerson,"Landero, Luis",Ficción moderna y contemporanea,Tusquets Editores,España,Español,Castellano,240,03-02-2021,fiction,,2020
15.0,El Principito,"Saint-Exupéry, Antoine de",Cuestiones personales y sociales: autoconocimiento y autoestima (infantil/juvenil),Salamandra Infantil y Juvenil,España,Español,Francés,96,15-01-2008,non-fiction,,2020
16.0,Ready Player Two,"Cline, Ernest",Juegos de PC/ordenador/en línea: guías de estrategia,Nova,España,Español,Inglés,464,25-03-2021,non-fiction,,2020
17.0,El duque y yo (Bridgerton 1),"Quinn, Julia",Narrativa romántica histórica,Titania,España,Español,Inglés,320,07-01-2020,fiction,,2020
18.0,Dime qué comes y te diré qué bacterias tienes,"García-Orea Haro (@blancanutri), Blanca","Terapias complementarias, curación y salud",GRIJALBO ILUSTRADOS,España,Español,Castellano,272,08-10-2020,non-fiction,,2020
19.0,Un amor,"Mesa, Sara",Obra de misterio y suspense,Editorial Anagrama,España,Español,Castellano,192,02-09-2020,fiction,,2020
20.0,My Hero Academia nº 26,"Horikoshi, Kohei",Cómics y novelas gráficas,Planeta Cómic,España,Español,Japonés,200,24-03-2021,fiction,,2020
21.0,Los privilegios del ángel,"Redondo, Dolores",Ficción moderna y contemporanea,Booket,España,Español,Castellano,304,13-01-2021,fiction,,2020
22.0,Rey blanco,"Gómez-Jurado, Juan",Obra de misterio y suspense,B (Ediciones B),España,Español,Castellano,528,05-11-2020,fiction,,2020
23.0,Niadela,"Montañez, Beatriz",Memorias,Errata Naturae Editores,España,Español,Castellano,344,15-03-2021,non-fiction,,2020
24.0,Un cuento perfecto,"Benavent, Elísabet",Narrativa romántica adulta y contemporánea,DEBOLSILLO,España,Español,Castellano,640,18-02-2021,fiction,,2020
25.0,Miss Marte,"Jabois, Manuel",Género policíaco y misterio,ALFAGUARA,España,Español,Castellano,208,04-02-2021,fiction,,2020
26.0,Los Compas y el diamantito legendario (nueva presentación),"Mikecrack, El Trollino y Timba Vk",Edad de interés: a partir de 10 años,Ediciones Martínez Roca,España,Español,Castellano,240,29-10-2020,,,2020
27.0,Nosotros en la luna,"Kellen, Alice",Narrativa romántica adulta y contemporánea,Booket,España,Español,Castellano,480,27-01-2021,fiction,,2020
28.0,My Hero Academia nº 01,"Horikoshi, Kohei",Novelas gráficas: manga,Planeta Cómic,España,Español,Inglés,192,18-10-2016,fiction,,2020
29.0,Los Compas y la maldición de Mikecrack,"Mikecrack, El Trollino y Timba Vk",Edad de interés: a partir de 10 años,Ediciones Martínez Roca,España,Español,Castellano,224,29-10-2020,,,2020
30.0,Loba negra,"Gómez-Jurado, Juan",Obra de misterio y suspense,B (Ediciones B),España,Español,Castellano,552,24-10-2019,fiction,,2020
31.0,Terra Alta,"Cercas, Javier",Ficción moderna y contemporanea,Booket,España,Español,Castellano,384,17-02-2021,fiction,,2020
32.0,Sapiens. De animales a dioses,"Harari, Yuval Noah",Historia general y mundial,DEBATE,España,Español,Hebreo,496,07-10-2015,non-fiction,,2020
33.0,Un océano para llegar a ti,"Barneda, Sandra",Ficción moderna y contemporanea,Editorial Planeta,España,Español,Castellano,576,05-11-2020,fiction,,2020
34.0,La anguila,"Bonet, Paula",TRATAMIENTOS Y MATERIAS ARTÍSTICAS,Editorial Anagrama,España,Español,Castellano,200,24-03-2021,non-fiction,,2020
35.0,Espíritus y criaturas de Japón,"Hearn, Lafcadio","Misterios, lo sobrenatural, monstruos y seres mitológicos (infantil/juvenil)",Editorial Luis Vives (Edelvives),España,Español,Francés,162,22-03-2021,non-fiction,,2020
36.0,La anomalía,"Tellier, Hervé Le",Ficción moderna y contemporanea,Seix Barral,España,Español,Francés,368,31-03-2021,fiction,,2020
37.0,"¡Es la microbiota, idiota!","Arponen, Sari",Familia y Salud,Alienta Editorial,España,Español,Castellano,368,03-03-2021,non-fiction,,2020
38.0,Ética cosmopolita,"Cortina Orts, Adela",Filosofía,Ediciones Paidós,España,Español,Castellano,208,24-03-2021,non-fiction,,2020
39.0,La vida contada por un sapiens a un neandertal,"Millás, Juan José / Arsuaga, Juan Luis",Antropología,ALFAGUARA,España,Español,Castellano,224,23-09-2020,non-fiction,,2020
40.0,Ética para inversores,"Márkaris, Petros",Género policíaco y misterio,Tusquets Editores,España,Español,Griego moderno (1453-),304,31-03-2021,fiction,,2020
41.0,La canción de Aquiles (AdN),"Miller, Madeline",MITOS Y LEYENDAS NARRADOS COMO FICCIÓN,Alianza Editorial,España,Español,Inglés,392,04-03-2021,fiction,,2020
42.0,Biografía de la luz,"d'Ors, Pablo",Ficción moderna y contemporanea,Galaxia Gutenberg,España,Español,Castellano,576,10-02-2021,fiction,,2020
43.0,Los Compas y la cámara del tiempo,"Mikecrack, El Trollino y Timba Vk",Edad de interés: a partir de 8 años,Ediciones Martínez Roca,España,Español,Castellano,224,09-06-2020,,,2020
44.0,Anna Kadabra 1. El Club de la Luna Llena,"Mañas, Pedro / Sierra Listón, David",Libros de cuentos ilustrados,Destino Infantil & Juvenil,España,Español,Castellano,128,11-02-2020,fiction,,2020
45.0,Todo lo que sucedió con Miranda Huff,"Castillo, Javier",Ficción moderna y contemporanea,DEBOLSILLO,España,Español,Castellano,448,14-01-2021,fiction,,2020
46.0,Canto jo i la muntanya balla,"Solà Saez, Irene",Ficción moderna y contemporanea,Editorial Anagrama,España,Español,Catalán,192,08-05-2019,fiction,,2020
47.0,Adelgaza con Kaoru,Kaoru,Forma física y alimentación,Kitsune Books,España,Español,Japonés,96,22-02-2021,non-fiction,,2020
48.0,Coñodramas,Moderna de Pueblo,Feminismo y teoría feminista,Zenith,España,Español,Castellano,312,24-11-2020,non-fiction,,2020
49.0,El poder del ahora,"Tolle, Eckhart","Mente, cuerpo y espíritu: pensamiento y práctica",Gaia Ediciones,España,Español,Inglés,220,01-09-2007,non-fiction,,2020
50.0,My Hero Academia nº 02,"Horikoshi, Kohei",Novelas gráficas: manga,Planeta Cómic,España,Español,Japonés,208,29-11-2016,fiction,,2020
51.0,Línea de fuego,"Pérez-Reverte, Arturo",Ficción histórica,ALFAGUARA,España,Español,Castellano,688,06-10-2020,fiction,,2020
52.0,Los crímenes de la carretera,"Barker, J.D. / Patterson, James",Obra de misterio y suspense,Ediciones Destino,España,Español,Inglés,624,17-03-2021,fiction,,2020
53.0,Una corte de rosas y espinas,"Maas, Sarah J.",Fantasía y realismo mágico (infantil/juvenil),Destino Infantil & Juvenil,España,Español,Inglés,456,24-05-2016,fiction,,2020
54.0,Klara y el Sol,"Ishiguro, Kazuo",Ficción moderna y contemporanea,Editorial Anagrama,España,Español,Inglés,384,03-03-2021,fiction,,2020
55.0,Hazlo tú mismo con Maestros de la costura,Shine / RTVE,"ESTILO DE VIDA, DEPORTE Y OCIO",Espasa,España,Español,Castellano,176,20-01-2021,non-fiction,,2020
56.0,Madrid,"Trapiello, Andrés",Biografía: literaria,Ediciones Destino,España,Español,Castellano,560,15-10-2020,non-fiction,,2020
57.0,Los Forasteros del Tiempo 11: La aventura de los Balbuena con los vikingos,"Santiago, Roberto / Ferna´ndez Va´zquez, Pablo",Edad de interés: a partir de 10 años,EDICIONES SM,España,Español,Castellano,320,18-03-2021,,,2020
58.0,Un instante eterno,"Bruckner, Pascal",Filosofía social y política,Siruela,España,Español,Francés,204,25-03-2021,non-fiction,,2020
59.0,Todo lo que nunca fuimos,"Kellen, Alice",Narrativa romántica adulta y contemporánea,Booket,España,Español,Castellano,352,03-02-2021,fiction,,2020
60.0,Mirabella y la escuela de magia (Mirabella 2),"Muncaster, Harriet",Relatos sobre la familia y el hogar (infantil/juvenil),ALFAGUARA,España,Español,Inglés,160,18-03-2021,fiction,,2020
61.0,Isadora Moon y el hada de los dientes (Isadora Moon 10),"Muncaster, Harriet",Relatos sobre la familia y el hogar (infantil/juvenil),ALFAGUARA,España,Español,Inglés,128,04-02-2021,fiction,,2020
62.0,Los Compas escapan de la prisión (nueva presentación),"Mikecrack, El Trollino y Timba Vk",Edad de interés: a partir de 10 años,Ediciones Martínez Roca,España,Español,Castellano,224,29-10-2020,,,2020
63.0,Resetea tu mente. Descubre de lo que eres capaz,"Puig, Mario Alonso",Autoayuda y desarrollo personal,Espasa,España,Español,Castellano,224,24-03-2021,non-fiction,,2020
64.0,¡Resuelve el misterio! 1. El secreto de la mansión,Magaziner Lauren,Relatos de aventuras (infantil/juvenil),RBA Molino,España,Español,Inglés,432,18-04-2019,fiction,,2020
65.0,El hombre en busca de sentido,"Frankl, Viktor Emil",Español / Castellano,Herder Editorial,España,Español,Alemán,168,04-12-2015,,,2020
66.0,El vizconde que me amó (Bridgerton 2),"Quinn, Julia",Narrativa romántica histórica,Titania,España,Español,Inglés,352,07-01-2020,fiction,,2020
67.0,Seis Cuatro,"Yokoyama, Hideo",Género policíaco y misterio,SALAMANDRA,España,Español,Inglés,656,14-01-2021,fiction,,2020
68.0,Cómo el rey de Elfhame aprendió a odiar los cuentos,"Black, Holly",FICCIÓN E HISTORIAS REALES INFANTILES Y JUVENILES,Editorial Hidra,España,Español,Inglés,24,29-03-2021,fiction,,2020
69.0,La Templanza,"Dueñas, María",Ficción moderna y contemporanea,Booket,España,Español,Castellano,544,17-03-2021,fiction,,2020
70.0,Una rosa sola,"Barbery, Muriel",Ficción moderna y contemporanea,Seix Barral,España,Español,Francés,192,03-03-2021,fiction,,2020
71.0,Boulevard,"Mojarraz Salvador, Flor Guadal",Ficción de crimen y misterio (infantil/juvenil),Editorial Naranja,España,Español,Castellano,316,01-05-2020,fiction,,2020
72.0,1793,"Natt Och Dag, Niklas",c. 1700-c. 1800,SALAMANDRA,España,Español,Sueco,432,16-01-2020,,,2020
73.0,La red de protección (Comisario Montalbano 30),"Camilleri, Andrea",Sicilia,SALAMANDRA,España,Español,Italiano,272,11-03-2021,,,2020
74.0,Las aventuras de Dani y Evan 3. Entrenadores de dinosaurios,Las aventuras de Dani y Evan,Edad de interés: a partir de 5 años,Destino Infantil & Juvenil,España,Español,Castellano,144,31-03-2021,,,2020
75.0,Panza de burro,"Abreu, Andrea",Ficción moderna y contemporanea,Editorial Barrett,España,Español,Castellano,176,15-04-2020,fiction,,2020
76.0,"Las Ratitas 1. Tres, dos, uno... ¡superpoderes!","Ratitas, Las",Ficción general (infantil/juvenil),Destino Infantil & Juvenil,España,Español,Castellano,144,19-05-2020,fiction,,2020
77.0,todo lo que necesito existe ya en mí,"kaur, rupi",Poesía de poetas individuales,Seix Barral,España,Español,Inglés,200,10-02-2021,fiction,,2020
78.0,Arsène Lupin. Caballero ladrón,"Leblanc, Maurice",Género policíaco y misterio,Roca Bolsillo,España,Español,Castellano,224,11-03-2021,fiction,,2020
79.0,Culpa mía (Culpables 1),"Ron, Mercedes",Relatos románticos y de relaciones interpersonales (infantil/juvenil),B de Bolsillo (Ediciones B),España,Español,Castellano,448,02-07-2020,fiction,,2020
80.0,1794,"Natt Och Dag, Niklas",Ficción histórica,SALAMANDRA,España,Español,Sueco,512,04-03-2021,fiction,,2020
81.0,My Hero Academia nº 03,"Horikoshi, Kohei",Novelas gráficas: manga,Planeta Cómic,España,Español,Japonés,192,21-02-2017,fiction,,2020
82.0,Harry Potter y la piedra filosofal (Ed. Minalima) (Harry Potter 1),"Rowling, J.K.",Ficción clásica (infantil/juvenil),Salamandra Infantil y Juvenil,España,Español,Inglés,368,12-11-2020,fiction,,2020
83.0,La hora de las gaviotas,"Martín, Ibon",Género policíaco y misterio,PLAZA & JANES,España,Español,Castellano,464,14-01-2021,fiction,,2020
84.0,El día que se perdió la cordura,"Castillo, Javier",Obra de misterio y suspense,DEBOLSILLO,España,Español,Castellano,456,09-05-2019,fiction,,2020
85.0,El evangelio según María Magdalena,"Fallarás, Cristina",a.     e. c.-c. 500 c. e.,B (Ediciones B),España,Español,Castellano,240,21-01-2021,,,2020
86.0,El chisme,"Mejide, Risto",Ficción moderna y contemporanea,Espasa,España,Español,Castellano,224,10-03-2021,fiction,,2020
87.0,"Hanako-kun, el fantasma del lavabo 02","Iro, Aida",Novelas gráficas: manga,Ivrea,España,Español,Castellano,192,01-03-2021,fiction,,2020
88.0,Las armas de la luz,"Sánchez Adalid, Jesús",Aventura histórica,HarperCollins,España,Español,Castellano,816,10-03-2021,fiction,,2020
89.0,Invisible,"Moreno, Eloy",Cuestiones personales y sociales: autoconocimiento y autoestima (infantil/juvenil),Nube de Tinta,España,Español,Inglés,304,30-12-2020,non-fiction,,2020
90.0,El paciente,"Gómez-Jurado, Juan",Obra de misterio y suspense,B (Ediciones B),España,Español,Castellano,496,07-01-2021,fiction,,2020
91.0,El lunes nos querrán,"El Hachmi, Najat",Ficción moderna y contemporanea,Ediciones Destino,España,Español,Castellano,304,10-02-2021,fiction,,2020
92.0,Feria,"Simón, Ana Iris",EUROPA,Círculo de Tiza,España,Español,Castellano,240,29-09-2020,,,2020
93.0,Yoga,"Carrère, Emmanuel",Historias reales,Editorial Anagrama,España,Español,Francés,336,24-02-2021,non-fiction,,2020
94.0,El jardín de vidrio,"Tibuleac, Tatiana",Ficción moderna y contemporanea,Impedimenta,España,Español,Castellano,360,29-03-2021,fiction,,2020
95.0,La Ciudad de Vapor,"Ruiz Zafón, Carlos",Ficción moderna y contemporanea,Editorial Planeta,España,Español,Castellano,224,17-11-2020,fiction,,2020
96.0,El hijo del padre,"del Árbol, Víctor",Obra de misterio y suspense,Ediciones Destino,España,Español,Castellano,416,10-03-2021,fiction,,2020
97.0,Las tinieblas y el alba (La precuela de Los pilares de la Tierra),"Follett, Ken",Ficción moderna y contemporanea,PLAZA & JANES,España,Español,Inglés,936,15-09-2020,fiction,,2020
98.0,"Vivir no es tan divertido, y envejecer, un coñazo","Tusquets Blanca, Oscar",Ensayos literarios,Editorial Anagrama,España,Español,Castellano,200,17-03-2021,non-fiction,,2020
99.0,Sombra y hueso,"Bardugo, Leigh",Fantasía y realismo mágico (infantil/juvenil),Editorial Hidra,España,Español,Inglés,416,11-11-2019,fiction,,2020
100.0,Nada,"Laforet, Carmen",Ficción moderna y contemporanea,Austral,España,Español,Castellano,368,28-01-2020,fiction,,2020
,Todo vuelve (Todo arde 2),"Gómez-Jurado, Juan","['Género policíaco y misterio', 'Obra de espionaje y espías']",B,España,Castellano,Castellano,608,24-10-2023,fiction,22.9,2023
,El Infierno,"Mola, Carmen","['Ficción histórica', 'Obra de misterio y suspense', 'Ficción moderna y contemporanea']",Editorial Planeta,España,Castellano,Castellano,480,04-10-2023,fiction,22.9,2023
,La armadura de la luz (Saga Los pilares de la Tierra 4),"Follett, Ken","['Ficción de las guerras napoleónicas', 'Ficción histórica']",PLAZA & JANES,España,Castellano,Inglés,832,26-09-2023,fiction,24.9,2023
,La chica del verano,La Vecina Rubia,['Ficción moderna y contemporanea'],Libros Cúpula,España,Castellano,Castellano,424,18-10-2023,fiction,19.9,2023
,El Lirio Blanco,"Goscinny, René / Fabcaro","['HUMOR', 'Edad de interés: a partir de 10 años', 'Cómics y novelas gráficas']",Editorial Bruño,Castellano,Francés,Francés,48,26-10-2023,fiction,10.5,2023
,EVANGELIO 2024 LETRA PEQUEÑA BOLSILLO,"MARTINEZ PUCHE/ ALVAREZ,LUIS/ DEL CERRO",['Religión y creencias'],EDIBESA,España,Castellano,Castellano,512,01-06-2023,non-fiction,2.65,2023
,El problema final,"Pérez-Reverte, Arturo","['Islas griegas', 'Ficción moderna y contemporanea', 'Género policíaco y misterio']",ALFAGUARA,España,Castellano,Castellano,328,05-09-2023,fiction,21.9,2023
,Hábitos atómicos,"Clear, James","['Mente, cuerpo y espíritu: pensamiento y práctica', 'Afirmación personal, motivación y autoestima', 'APLICACIONES EMPRESARIALES', 'Estrategias y políticas educativas', 'Autoayuda y desarrollo personal']",Diana Editorial,España,Castellano,Inglés,336,08-09-2020,non-fiction,19.9,2023
,No te veré morir,"Muñoz Molina, Antonio","['Ficción histórica', 'Nueva York', 'Ficción moderna y contemporanea']",Seix Barral,España,Castellano,Castellano,240,30-08-2023,fiction,19.9,2023
,Mirafiori,"Jabois, Manuel",['Ficción moderna y contemporanea'],ALFAGUARA,España,Castellano,Castellano,208,05-10-2023,fiction,18.9,2023
,Dios - La ciencia - Las pruebas,"Bolloré, Michel-Yves / Bonnassies, Olivier","['Francia', 'CIENCIA: CUESTIONES GENERALES']",Editorial Funambulista,España,Castellano,Francés,584,04-10-2023,non-fiction,24.9,2023
,EVANGELIO 2024 LETRA GRANDE,"MARTINEZ PUCHE/ ALVAREZ,LUIS/ DEL CERRO",['Religión y creencias'],EDIBESA,España,Castellano,Castellano,512,01-06-2023,non-fiction,4.6,2023
,La mujer que soy,"Spears, Britney","['Música: estilos y géneros', 'Actores e intérpretes', 'Autobiografía: arte y espectáculo']",PLAZA & JANES,España,Castellano,Inglés,280,26-10-2023,non-fiction,21.9,2023
,Bocabesada,"Val, Juan del",['Ficción moderna y contemporanea'],Espasa,España,Castellano,Castellano,288,27-09-2023,fiction,20.9,2023
,JESUS ES EL SEÑOR (NUEVA ED.),EDICE,['Estudios generales'],EDICE ED.,España,Castellano,Castellano,168,01-07-2021,non-fiction,16.5,2023
,Le dedico mi silencio,"Vargas Llosa, Mario","['Perú', 'Música del mundo', 'Ficción moderna y contemporanea']",ALFAGUARA,España,Castellano,Castellano,312,26-10-2023,fiction,20.9,2023
,Mañana y tarde,"Fosse, Jon","['Noruega', 'Ficción moderna y contemporanea']",Nórdica Libros,España,Castellano,Noruego,112,02-10-2023,fiction,18.0,2023
,Cómo hacer que te pasen cosas buenas,"Rojas Estapé, Marian",['Autoayuda y desarrollo personal'],Espasa,España,Castellano,Castellano,232,09-10-2018,non-fiction,19.9,2023
,Invisible,"Moreno, Eloy","['Edad de interés: a partir de 12 años', 'Cuestiones personales y sociales: autoconocimiento y autoestima (infantil/juvenil)', 'Ficción general (infantil/juvenil)']",Nube de Tinta,España,Castellano,Inglés,304,01-02-2018,fiction,15.95,2023
,El Hombre Iluminado (Novela Secreta 4),"Sanderson, Brandon",['Fantasía'],Nova,España,Castellano,Inglés,544,19-10-2023,fiction,26.9,2023
,Holly (Edición en español),"King, Stephen","['Cuentos de terror y fantasmas', 'Obra de misterio y suspense']",PLAZA & JANES,España,Castellano,Inglés,624,21-09-2023,fiction,23.9,2023
,El viaje de Shuna,"Miyazaki, Hayao",['Novelas gráficas'],Salamandra Graphic,España,Castellano,Japonés,160,19-10-2023,fiction,24.0,2023
,Los inocentes,"Oruña, María",['Género policíaco y misterio'],Ediciones Destino,España,Castellano,Castellano,464,13-09-2023,fiction,21.9,2023
,Twisted 3. Twisted Hate,"Huang, Ana","['Narrativa romántica', 'Ficción erótica', 'Ficción moderna y contemporanea', 'Edad de interés: a partir de 14 años', 'Ficción general (infantil/juvenil)']",Crossbooks,España,Castellano,Inglés,608,25-10-2023,fiction,17.95,2023
,CALENDARIO LITÚRGICO PASTORAL 2023-2024,EDICE,['Estudios generales'],CONFERENCIA EPISCOPAL ESPAÑOLA,España,Castellano,Castellano,404,01-09-2023,non-fiction,16.5,2023
,TACO 2024 SAGADO CORAZON JESUS CLASICO,AA.VV,"['Anuarios, almanaques, publicaciones anuales']",MENSAJERO EDICIONES,España,Castellano,Castellano,365,01-07-2023,non-fiction,5.1,2023
,Los papeles de Admunsen,"Vázquez Montalbán, Manuel",['Ficción moderna y contemporanea'],Navona Editorial,España,Castellano,Castellano,464,16-10-2023,fiction,25.0,2023
,Los siete maridos de Evelyn Hugo,"Jenkins Reid, Taylor",['Ficción histórica'],Umbriel,España,Castellano,Inglés,384,04-02-2020,fiction,17.0,2023
,MANIAC,"Labatut, Benjamín","['Divulgación científica', 'Invenciones e inventores', 'Crímenes reales: descubrimientos/históricas/científicas']",Editorial Anagrama,España,Castellano,Castellano,400,25-10-2023,non-fiction,21.9,2023
,La utilidad de lo inútil,"Ordine, Nuccio",['Prosa: no ficción'],Acantilado,España,Castellano,Italiano,176,14-11-2013,non-fiction,10.0,2023
,Encuentra tu persona vitamina,"Rojas Estapé, Marian",['Autoayuda y desarrollo personal'],Espasa,España,Castellano,Castellano,328,25-08-2021,non-fiction,19.9,2023
,Los contemplativos,"d'Ors, Pablo",['Ficción moderna y contemporanea'],Galaxia Gutenberg,España,Castellano,Castellano,432,27-09-2023,fiction,23.0,2023
,Diario de Greg 18 - Descerebrados,"Kinney, Jeff","['Relatos sobre la escuela (infantil/juvenil)', 'Caricaturas e historietas (infantil/juvenil)', 'Relatos de humor (infantil/juvenil)']",Molino,España,Castellano,Inglés,224,26-10-2023,fiction,15.0,2023
,El sutil arte de que (casi todo) te importe una mierda,"Manson, Mark","['Autoayuda y desarrollo personal', 'Afirmación personal, motivación y autoestima']",HarperCollins,España,Castellano,Inglés,240,04-04-2018,non-fiction,16.9,2023
,Trilogía,"Fosse, Jon","['Noruega', 'Europa del Norte, Escandinavia', 'Narrativa romántica adulta y contemporánea', 'Obra de misterio y suspense', 'Ficción moderna y contemporanea', 'EUROPA', 'Literatura y estudios literarios']",De Conatus,España,Castellano,Noruego,168,07-11-2018,fiction,16.9,2023
,El Principito (edición oficial),"Saint-Exupéry, Antoine de","['Edad de interés: a partir de 10 años', 'Cuestiones personales y sociales: autoconocimiento y autoestima (infantil/juvenil)', 'Ficción clásica (infantil/juvenil)']",Salamandra Infantil y Juvenil,España,Castellano,Francés,96,15-01-2008,fiction,6.95,2023
,El monje que vendió su Ferrari,"Sharma, Robin","['Afirmación personal, motivación y autoestima', 'Mente, cuerpo y espíritu: meditación y visualización']",DEBOLSILLO,España,Castellano,Inglés,216,22-03-2012,non-fiction,10.95,2023
,Todo lo que sé sobre el amor,"Alderton, Dolly","['Autobiografía: general', 'Ficción moderna y contemporanea']",Booket,España,Castellano,Inglés,384,03-03-2021,fiction,9.95,2023
,El poder del ahora,"Tolle, Eckhart","['Mente, cuerpo y espíritu: pensamiento y práctica']",Gaia Ediciones,España,Castellano,Inglés,220,01-09-2007,non-fiction,10.0,2023
,La Revolución francesa contada para escépticos,"Eslava Galán, Juan","['Historia social y cultural', 'Historia: acontecimientos y temas específicos', 'c. 1700-c. 1800', 'Revoluciones, levantamientos y rebeliones']",Editorial Planeta,España,Castellano,Castellano,464,11-10-2023,non-fiction,21.9,2023
,Las hermanas Jacobs (Quirke & Strafford 1),"Black, Benjamin","['Obra de misterio y suspense', 'Género policíaco y misterio']",ALFAGUARA,España,Castellano,Inglés,336,05-10-2023,fiction,20.9,2023
,Romper el hielo,"Grace, Hannah","['Patinaje sobre hielo', 'Narrativa romántica adulta y contemporánea']",B,España,Castellano,Inglés,464,28-09-2023,fiction,19.9,2023
,El hombre en busca de sentido,"Frankl, Viktor Emil","['El Holocausto', 'Psicoterapia', 'c. 1939-c. 1945 (incluye la Segunda Guerra Mundial)', 'Español / Castellano', 'Psicología']",Herder Editorial,España,Castellano,Alemán,168,04-12-2015,non-fiction,12.9,2023
,Emperador de Roma,"Beard, Mary","['Antigua Roma', 'Historia antigua: hasta c. 500 e. c.']",Editorial Crítica,España,Castellano,Castellano,592,25-10-2023,non-fiction,27.9,2023
,Las despedidas,"Bergareche Mendoza, Jacobo","['Islas Baleares, Comunidad Autónoma de', 'Ficción moderna y contemporanea']",Libros del Asteroide,España,Castellano,Castellano,168,02-10-2023,fiction,18.95,2023
,El viento conoce mi nombre,"Allende, Isabel",['Ficción moderna y contemporanea'],PLAZA & JANES,España,Castellano,Castellano,352,06-06-2023,fiction,22.9,2023
,Las madres (La novia gitana 4),"Mola, Carmen",['Género policíaco y misterio'],DEBOLSILLO,España,Castellano,Castellano,464,31-08-2023,fiction,10.95,2023
,La cadena de espinas,"Clare, Cassandra","['Relatos románticos y de relaciones interpersonales (infantil/juvenil)', 'Edad de interés: a partir de 14 años', 'Fantasía y realismo mágico (infantil/juvenil)']",Destino Infantil & Juvenil,España,Castellano,Inglés,832,25-10-2023,fiction,18.95,2023
,Los misterios de la taberna Kamogawa (La taberna Kamogawa 1),"Kashiwai, Hisashi","['Japón', 'Cocina nacional y regional', 'Género policíaco y misterio']",SALAMANDRA,España,Castellano,Japonés,192,01-06-2023,fiction,18.0,2023
,Un amor,"Mesa, Sara","['Violencia en la sociedad', 'Comunidades rurales', 'Cuestiones y procesos sociales']",Editorial Anagrama,España,Castellano,Castellano,192,02-09-2020,non-fiction,17.9,2023
,Te di ojos y miraste las tinieblas,"Solà Saez, Irene","['Fantasía', 'MITOS Y LEYENDAS NARRADOS COMO FICCIÓN', 'Ficción moderna y contemporanea']",Editorial Anagrama,España,Castellano,Catalán,176,30-08-2023,fiction,17.9,2023
,Hamnet,"O'Farrell, Maggie","['Ficción histórica', 'Inglaterra', 'Ficción moderna y contemporanea']",Libros del Asteroide,España,Castellano,Inglés,352,22-02-2021,fiction,23.95,2023
,Los diarios del opio,"Jiménez, David","['Biografía: literaria', 'Biografía: general', 'Biografía e historias relaes', 'Asia Oriental, Lejano Oriente', 'Literatura de viajes']",Editorial Ariel,España,Castellano,Castellano,272,31-05-2023,non-fiction,18.9,2023
,One Piece nº 105,"Oda, Eiichiro","['Cómics y novelas gráficas', 'Edad de interés: a partir de 8 años', 'Novelas gráficas: manga']",Planeta Cómic,España,Castellano,Japonés,192,18-10-2023,fiction,8.5,2023
,La mala costumbre,"Portero, Alana S.","['Madrid, Comunidad de', 'Ficción moderna y contemporanea']",Seix Barral,España,Castellano,Castellano,256,03-05-2023,fiction,19.0,2023
,10.000 millas para encontrarte (Bali 2),"Ron, Mercedes",['Relatos románticos y de relaciones interpersonales (infantil/juvenil)'],MONTENA,España,Castellano,Castellano,480,28-09-2023,fiction,18.95,2023
,La novia gitana (La novia gitana 1),"Mola, Carmen",['Ficción moderna y contemporanea'],DEBOLSILLO,España,Castellano,Castellano,408,17-06-2021,fiction,10.95,2023
,Nada es verdad,"Raimo, Veronica","['Italia', 'Ficción moderna y contemporanea']",Libros del Asteroide,España,Castellano,Italiano,216,25-09-2023,fiction,18.95,2023
,Tokio blues,"Murakami, Haruki",['Ficción moderna y contemporanea'],Maxi-Tusquets,España,Castellano,Japonés,384,01-05-2007,fiction,10.95,2023
,Lecciones,"McEwan, Ian","['Historia: acontecimientos y temas específicos', 'Historia del siglo xxi: c. 2000-', 'Ficción moderna y contemporanea']",Editorial Anagrama,España,Castellano,Inglés,584,06-09-2023,fiction,24.9,2023
,Las aventuras de Dani y Evan 8. El clan de los Lobosaurios,Las aventuras de Dani y Evan,"['Misterios, lo sobrenatural, monstruos y seres mitológicos (infantil/juvenil)', 'Ficción de crimen y misterio (infantil/juvenil)', 'Relatos de aventuras (infantil/juvenil)', 'Edad de interés: a partir de 6 años', 'Dinosaurios y el mundo prehistórico (infantil/juvenil)']",Destino Infantil & Juvenil,España,Castellano,Castellano,144,11-10-2023,fiction,12.95,2023
,"Padre Rico, padre Pobre (edición actualizada)","Kiyosaki, Robert T.","['Finanzas personales', 'Economía']",DEBOLSILLO,España,Castellano,Inglés,384,01-06-2023,non-fiction,10.95,2023
,El pacto del agua,"Verghese, Abraham","['Siglo xx', 'Ficción moderna y contemporanea', 'Sagas']",SALAMANDRA,España,Castellano,Inglés,784,05-10-2023,fiction,24.0,2023
,Este dolor no es mío,"Wolynn, Mark",['Psicoterapia'],Gaia Ediciones,España,Castellano,Inglés,288,15-09-2017,non-fiction,14.0,2023
,MITOS GRIEGOS N/E (CUCAÑA)**,"Anton Garcia, Francesc / Angelidou, Maria / Vasilev, Svetlin",['FICCIÓN E HISTORIAS REALES INFANTILES Y JUVENILES'],Editorial Vicens Vives,España,Castellano,Castellano,160,29-05-2023,fiction,12.9,2023
,Lo que América le debe a España,"Gullo Omodeo, Marcelo",['Historia'],Espasa,España,Castellano,Castellano,400,04-10-2023,non-fiction,21.9,2023
,PREMIO EDEBÉ 2015: Mentira,"Santos Torres, Care","['FICCIÓN E HISTORIAS REALES INFANTILES Y JUVENILES', 'España', 'Español / Castellano', 'Edad de interés: a partir de 14 años']",Grupo EDEBÉ,España,Castellano,Castellano,252,20-02-2015,fiction,11.95,2023
,El cuco de cristal,"Castillo, Javier","['Género policíaco y misterio', 'Ficción moderna y contemporanea', 'Obra de misterio y suspense']",SUMA,España,Castellano,Castellano,488,01-02-2023,fiction,20.9,2023
,Neurociencia del cuerpo,"Castellanos, Nazareth",['Medicina popular y salud'],Editorial Kairós SA,Castellano,Castellano,Castellano,1,07-09-2022,non-fiction,18.0,2023
,El Monstruo de Colores. Doctor de emociones,"Llenas Serra, Anna / Llenas Serra, Anna","['Cuestiones personales y sociales: autoconocimiento y autoestima (infantil/juvenil)', 'Edad de interés: a partir de 3 años', 'Álbumes ilustrados']",Editorial Flamboyant,España,Castellano,Catalán,56,07-09-2023,non-fiction,16.95,2023
,Todo lo que me ha enseñado el amor,"Javierre, Luna","['Autoayuda y desarrollo personal', 'Poesía', 'Afirmación personal, motivación y autoestima']",Ediciones Martínez Roca,España,Castellano,Castellano,208,13-09-2023,non-fiction,16.9,2023
,Amanda Black 9 - El camino del ninja,"Gómez-Jurado, Juan / Montes, Bárbara","['Edad de interés: a partir de 8 años', 'Thriller (infantil/juvenil)', 'Fantasía y realismo mágico (infantil/juvenil)']",B de Blok,España,Castellano,Castellano,192,19-10-2023,fiction,14.96,2023
,"George Steiner, el huésped incómodo","Ordine, Nuccio",['Reportajes y colección de artículos periodísticos'],Acantilado,España,Castellano,Italiano,128,11-10-2023,non-fiction,12.0,2023
,El Príncipe de la Niebla,"Ruiz Zafón, Carlos",['Ficción moderna y contemporanea'],Booket,España,Castellano,Castellano,240,16-05-2007,fiction,9.95,2023
,Vive más,"Vázquez, Marcos","['Dietética y nutrición', 'Dietas y régimen alimenticio']",GRIJALBO,España,Castellano,Castellano,304,05-10-2023,non-fiction,20.9,2023
,Tu cuerpo es tuyo,"Serrano, Lucía","['Cuestiones personales y sociales: sexualidad y relaciones interpersonales (infantil/juvenil)', 'Cuestiones personales y sociales: cuerpo y salud (infantil/juvenil)', 'Álbumes ilustrados']",NubeOcho,España,Castellano,Castellano,40,11-10-2021,non-fiction,14.9,2023
,Todas las personas que fui,"Casas, Alfonso","['Novela gráfica y manga como obra de arte', 'Novelas gráficas']",Random Cómic,España,Castellano,Castellano,208,26-10-2023,fiction,22.95,2023
,ARTA en la jungla máxima (Arta Game 5),"Game, Arta","['Ficción general (infantil/juvenil)', 'Relatos de humor (infantil/juvenil)', 'Relatos de aventuras (infantil/juvenil)']",MONTENA,España,Castellano,Castellano,192,11-10-2023,fiction,19.95,2023
,"La Babilonia, 1580","Martín Gijón, Susana","['Ficción moderna y contemporanea', 'Aventura histórica', 'Misterios históricos']",ALFAGUARA,España,Castellano,Castellano,464,29-08-2023,fiction,21.9,2023
,Los chicos de Biloxi,"Grisham, John",['Obra de suspense político y judicial'],PLAZA & JANES,España,Castellano,Inglés,512,26-10-2023,fiction,23.9,2023
,Reckless n.5,"Narashima,Sachi",['Novelas gráficas'],PANINI ESPAÑA,España,Castellano,Castellano,144,01-10-2023,fiction,22.0,2023
,Las guerras de Yavé,"Benítez, J. J.","['Fenómenos inexplicables/paranormales', 'Ovnis y seres extraterrestres']",Editorial Planeta,España,Castellano,Castellano,336,18-10-2023,non-fiction,20.9,2023
,La rebelión de los buenos,"Santiago, Roberto","['Obra de misterio y suspense', 'Género policíaco y misterio', 'Ficción moderna y contemporanea', 'Obra de suspense político y judicial']",Editorial Planeta,España,Castellano,Castellano,720,14-06-2023,fiction,22.9,2023
,Lecciones de química,"Garmus, Bonnie","['c. 1960\x96c. 1970', 'Estados Unidos de América', 'Ficción moderna y contemporanea']",SALAMANDRA,España,Castellano,Inglés,464,16-02-2023,fiction,21.0,2023
,Éxtasis (Serie Crave 6),"Wolff, Tracy","['Fantasía romántica (juvenil)', 'Ficción general (infantil/juvenil)', 'Edad de interés: a partir de 14 años', 'Ficción moderna y contemporanea']",Editorial Planeta,España,Castellano,Inglés,768,04-10-2023,fiction,19.9,2023
,QUIJOTE Liberado,"de Cervantes, Miguel",['Ficción clásica'],Blackie Books,España,Castellano,Castellano,832,18-10-2023,fiction,29.9,2023
,Trilogía IREMONGER 1: Los secretos de Heap House,"Carey, Edward",['Ficción moderna y contemporanea'],Blackie Books,España,Castellano,Inglés,384,04-10-2023,fiction,23.9,2023
,El retrato de casada,"O'Farrell, Maggie","['Italia', 'Irlanda', 'Ficción moderna y contemporanea']",Libros del Asteroide,España,Castellano,Inglés,400,13-03-2023,fiction,23.95,2023
,ERIK VOGLER 1: LOS CRÍMENES DEL REY BLANCO,"Oses García, Beatriz","['FICCIÓN E HISTORIAS REALES INFANTILES Y JUVENILES', 'España', 'Español / Castellano', 'Edad de interés: a partir de 12 años']",Grupo EDEBÉ,España,Castellano,Castellano,144,30-06-2014,fiction,12.0,2023
,Tan poca vida,"Yanagihara, Hanya",['Ficción moderna y contemporanea'],LUMEN,España,Castellano,Inglés,1008,15-09-2016,fiction,24.9,2023
,Testigo de un tiempo incierto,"Solana, Javier","['Política y Gobierno', 'Historia']",Espasa,España,Castellano,Castellano,224,25-10-2023,non-fiction,20.9,2023
,La red púrpura (La novia gitana 2),"Mola, Carmen",['Género policíaco y misterio'],DEBOLSILLO,España,Castellano,Castellano,432,17-06-2021,fiction,10.95,2023
,Cucú. Calabaza,"Arrhenius, Ingela P.","['Halloween', 'ARTÍCULOS DE ESCRITORIO INFANTILES Y VARIOS', 'Aprendizaje temprano/conceptos de aprendizaje temprano', 'Libros y paquetes interactivos y de actividades', 'Álbumes ilustrados', 'Para niños c. 0-2 años', 'Libros para bebés']",Timun Mas Infantil,España,Castellano,Inglés,10,27-09-2023,non-fiction,10.95,2023
,La veterinaria. Grandes sueños,"Lark, Sarah","['Sagas', 'Narrativa romántica histórica']",B,España,Castellano,Alemán,592,31-08-2023,fiction,22.9,2023
,Querido capullo,"Despentes, Virginie","['Español / Castellano', 'Francia', 'Ficción moderna y contemporanea']",Random House,España,Castellano,Francés,264,14-09-2023,fiction,21.9,2023
,Las reglas del ratoncito Pérez (Cuentos para contar entre dos),"Moreno, Eloy","['Edad de interés: a partir de 6 años', 'Cuentos tradicionales', 'Relatos de aventuras (infantil/juvenil)']",Nube de Tinta,España,Castellano,Castellano,48,07-09-2023,fiction,15.95,2023
,Las garras del águila: una novela de Lisbeth Salander (Serie Millennium),"Smirnoff, Karin","['Obra de misterio y suspense', 'Género policíaco y misterio', 'Ficción moderna y contemporanea']",Ediciones Destino,España,Castellano,Sueco,592,30-08-2023,fiction,22.9,2023
,Cómo vender una casa encantada,"Hendrix, Grady","['Ficción moderna y contemporanea', 'Ficción y temas afines', 'Cuentos de terror y fantasmas']",Minotauro,España,Castellano,Inglés,440,18-10-2023,fiction,19.95,2023
,Biografía del silencio,"d'Ors, Pablo",['Ficción moderna y contemporanea'],Galaxia Gutenberg,España,Castellano,Castellano,112,12-02-2020,fiction,12.95,2023
,Lunario 2024,"Gros, Michel","['Astrología', 'Jardinería', 'Agricultura orgánica', 'Horticultura', 'AGRICULTURA Y EXPLOTACIÓN AGROPECUARIA']",Artús Porta Manresa - Calendario Lunar,España,Castellano,Francés,130,20-07-2023,non-fiction,9.26,2023
